HGNC symbol,TCGA ID,RNA compete matrix,type
A1CF,A1CF|29974,A1CF_00001,RBP/SF
ANKHD1,ANKHD1|54882,ANKHD1_00002,RBP/SF
CELF1,CELF1|10658,BRUNOL4_00004,RBP/SF
CELF2,CELF2|10659,BRUNOL4_00004,RBP/SF
CELF3,CELF3|11189,BRUNOL4_00004,RBP/SF
CELF4,CELF4|56853,BRUNOL4_00004,RBP/SF
CELF5,CELF5|60680,BRUNOL5_00166,RBP/SF
CELF6,CELF6|60677,BRUNOL6_00187,RBP/SF
CNOT4,CNOT4|4850,CNOT4_00156,RBP/SF
CPEB1,CPEB1|64506,CPEB2_00012,RBP/SF
CPEB2,CPEB2|132864,CPEB2_00012,RBP/SF
CPEB3,CPEB3|22849,CPEB2_00012,RBP/SF
CPEB4,CPEB4|80315,CPEB4_00158,RBP/SF
DAZAP1,DAZAP1|26528,DAZAP1_00013,RBP/SF
ELAVL1,ELAVL1|1994,HuR_00032,RBP/SF
ELAVL2,ELAVL2|1993,HuR_00032,RBP/SF
ELAVL3,ELAVL3|1995,HuR_00032,RBP/SF
ELAVL4,ELAVL4|1996,HuR_00032,RBP/SF
ENOX1,ENOX1|55068,ENOX1_00149,RBP/SF
ESRP1,ESRP1|54845,ESRP2_00150,RBP/SF
ESRP2,ESRP2|80004,ESRP2_00150,RBP/SF
EWSR1,EWSR1|2130,-,RBP/SF
FMR1,FMR1|2332,FMR1_00016,RBP/SF
FUS,FUS|2521,FUS_00018,RBP/SF
FXR1,FXR1|8087,FXR1_00161,RBP/SF
FXR2,FXR2|9513,FXR2_00020,RBP/SF
G3BP1,G3BP1|10146,G3BP2_00021,RBP/SF
G3BP2,G3BP2|9908,G3BP2_00021,RBP/SF
GEMIN5,GEMIN5|25929,-,RBP/SF
HNRNPA0,HNRNPA0|10949,-,RBP/SF
HNRNPA1,HNRNPA1|3178,HNRNPA1_00022,RBP/SF
HNRNPA1L2,HNRNPA1L2|144983,HNRNPA1L2_00023,RBP/SF
HNRNPA2B1,HNRNPA2B1|3181,HNRNPA2B1_00024,RBP/SF
HNRNPA3,HNRNPA3|220988,-,RBP/SF
HNRNPAB,HNRNPAB|3182,HNRNPAB_00245,RBP/SF
HNRNPC,HNRNPC|3183,HNRNPC_00025,RBP/SF
HNRNPCL1,HNRNPCL1|343069,HNRNPCL1_00167,RBP/SF
HNRNPD,HNRNPD|3184,-,RBP/SF
HNRNPDL,HNRPDL|9987,-,RBP/SF
HNRNPF,HNRNPF|3185,-,RBP/SF
HNRNPH1,HNRNPH1|3187,-,RBP/SF
HNRNPH2,HNRNPH2|3188,HNRNPH2_00160,RBP/SF
HNRNPH3,HNRNPH3|3189,-,RBP/SF
HNRNPK,HNRNPK|3190,HNRNPK_00026,RBP/SF
HNRNPL,HNRNPL|3191,HNRNPL_00091,RBP/SF
HNRNPLL,HNRPLL|92906,HNRPLL_00178,RBP/SF
HNRNPM,HNRNPM|4670,-,RBP/SF
HNRNPR,HNRNPR|10236,-,RBP/SF
HNRNPU,HNRNPU|3192,-,RBP/SF
HNRNPUL1,HNRNPUL1|11100,-,RBP/SF
HNRNPUL2,HNRNPUL2|221092,-,RBP/SF
IGF2BP1,IGF2BP1|10642,IGF2BP2_00033,RBP/SF
IGF2BP2,IGF2BP2|10644,IGF2BP2_00033,RBP/SF
IGF2BP3,IGF2BP3|10643,IGF2BP3_00172,RBP/SF
KHDRBS1,KHDRBS1|10657,KHDRBS1_00169,RBP/SF
KHDRBS2,KHDRBS2|202559,KHDRBS2_00185,RBP/SF
KHDRBS3,KHDRBS3|10656,KHDRBS3_00034,RBP/SF
KHSRP,KHSRP|8570,-,RBP/SF
LIN28A,LIN28A|79727,LIN28A_00036,RBP/SF
MATR3,MATR3|9782,MATR3_00037,RBP/SF
MBNL1,MBNL1|4154,MBNL1_00038,RBP/SF
MBNL2,MBNL2|10150,MBNL1_00038,RBP/SF
MBNL3,MBNL3|55796,MBNL1_00038,RBP/SF
MSI1,MSI1|4440,MSI1_00041,RBP/SF
NOVA1,NOVA1|4857,-,RBP/SF
NOVA2,NOVA2|4858,-,RBP/SF
PABPC1,PABPC1|26986,PABPC1_00155,RBP/SF
PABPC3,PABPC3|5042,PABPC3_00153,RBP/SF
PABPC4,PABPC4|8761,PABPC4_00043,RBP/SF
PABPC5,PABPC5|140886,PABPC5_00171,RBP/SF
PABPN1,PABPN1|8106,PABPN1_00157,RBP/SF
PCBP1,PCBP1|5093,PCBP1_00186,RBP/SF
PCBP2,PCBP2|5094,PCBP2_00044,RBP/SF
PCBP3,PCBP3|54039,PCBP3_00215,RBP/SF
PPRC1,PPRC1|23082,PPRC1_00045,RBP/SF
PRPF40A,PRPF40A|55660,-,RBP/SF
PRPF40B,PRPF40B|25766,-,RBP/SF
PTBP1,PTBP1|5725,PTBP1_00268,RBP/SF
PTBP2,PTBP2|58155,PTBP1_00268,RBP/SF
QKI,QKI|9444,QKI_00047,RBP/SF
RALY,RALY|22913,RALY_00159,RBP/SF
RBFOX1,A2BP1|54715,RBFOX1_00168,RBP/SF
RBFOX2,RBM9|23543,RBFOX1_00168,RBP/SF
RBFOX3,HRNBP3|146713,RBFOX1_00168,RBP/SF
RBM10,RBM10|8241,-,RBP/SF
RBM11,RBM11|54033,-,RBP/SF
RBM15,RBM15|64783,-,RBP/SF
RBM15B,RBM15B|29890,-,RBP/SF
RBM17,RBM17|84991,-,RBP/SF
RBM20,RBM20|282996,-,RBP/SF
RBM22,RBM22|55696,-,RBP/SF
RBM23,RBM23|55147,-,RBP/SF
RBM24,RBM24|221662,RBM24_00184,RBP/SF
RBM25,RBM25|58517,-,RBP/SF
RBM28,RBM28|55131,RBM28_00049,RBP/SF
RBM3,RBM3|5935,RBM3_00050,RBP/SF
RBM38,RBM38|55544,Rbm38_00283,RBP/SF
RBM39,RBM39|9584,-,RBP/SF
RBM4,RBM4|5936,RBM4_00052,RBP/SF
RBM41,RBM41|55285,-,RBP/SF
RBM42,RBM42|79171,RBM42_00151,RBP/SF
RBM45,RBM45|129831,RBM45_00241,RBP/SF
RBM46,RBM46|166863,RBM46_00054,RBP/SF
RBM47,RBM47|54502,RBM47_00279,RBP/SF
RBM4B,RBM4B|83759,-,RBP/SF
RBM5,RBM5|10181,RBM5_00055,RBP/SF
RBM6,RBM6|10180,RBM6_00170,RBP/SF
RBM7,RBM7|10179,-,RBP/SF
RBM8A,RBM8A|9939,RBM8A_00056,RBP/SF
RBMS1,RBMS1|5937,RBMS1_00152,RBP/SF
RBMS3,RBMS3|27303,RBMS3_00057,RBP/SF
RBMX,RBMX|27316,-,RBP/SF
RBMXL1,RBMXL1|494115,-,RBP/SF
RBMY1A1,RBMY1A1|5940,-,RBP/SF
RBMY1B,RBMY1B|378948,-,RBP/SF
RBMY1D,-,-,RBP/SF
RBMY1E,RBMY1E|378950,-,RBP/SF
RBMY1F,RBMY1F|159163,-,RBP/SF
RBMY1J,RBMY1J|378951,-,RBP/SF
SAMD4A,SAMD4A|23034,SAMD4A_00063,RBP/SF
SART3,SART3|9733,SART3_00064,RBP/SF
SF1,SF1|7536,SF1_00065,RBP/SF
SF3A1,SF3A1|10291,-,RBP/SF
SF3B1,SF3B1|23451,-,RBP/SF
SFPQ,SFPQ|6421,SFPQ_00177,RBP/SF
SNRNP70,SNRNP70|6625,SNRNP70_00070,RBP/SF
SNRPA,SNRPA|6626,SNRPA_00071,RBP/SF
SRP54,SRP54|6729,SRP54_00272,RBP/SF
SRPK1,SRPK1|6732,-,RBP/SF
SRPK2,SRPK2|6733,-,RBP/SF
SRPK3,SRPK3|26576,-,RBP/SF
SRRM1,SRRM1|10250,-,RBP/SF
SRRM2,SRRM2|23524,-,RBP/SF
SRRM3,SRRM3|222183,-,RBP/SF
SRRM4,SRRM4|84530,-,RBP/SF
SRSF1,SFRS1|6426,SRSF1_00109,RBP/SF
SRSF10,SFRS13A|10772,SRSF10_00090,RBP/SF
SRSF11,SFRS11|9295,-,RBP/SF
SRSF12,SFRS13B|135295,-,RBP/SF
SRSF2,SFRS2|6427,SRSF2_00072,RBP/SF
SRSF3,SFRS3|6428,-,RBP/SF
SRSF4,SFRS4|6429,-,RBP/SF
SRSF5,SFRS5|6430,-,RBP/SF
SRSF6,SFRS6|6431,-,RBP/SF
SRSF7,SFRS7|6432,SRSF7_00073,RBP/SF
SRSF8,SFRS2B|10929,-,RBP/SF
SRSF9,SFRS9|8683,SRSF9_00067,RBP/SF
SYNCRIP,SYNCRIP|10492,Syncrip_00281,RBP/SF
TARDBP,TARDBP|23435,TARDBP_00076,RBP/SF
TIA1,TIA1|7072,TIA1_00165,RBP/SF
TIAL1,TIAL1|7073,TIA1_00165,RBP/SF
TRA2A,TRA2A|29896,-,RBP/SF
TRA2B,TRA2B|6434,TRA2_00078,RBP/SF
TUT1,TUT1|64852,-,RBP/SF
U2AF1,U2AF1|7307,-,RBP/SF
U2AF1L4,U2AF1L4|199746,-,RBP/SF
U2AF2,U2AF2|11338,U2AF2_00079,RBP/SF
WT1,WT1|7490,-,RBP/SF
YBX1,YBX1|4904,YBX1_00083,RBP/SF
YBX2,YBX2|51087,YBX2_00084,RBP/SF
ZC3H10,ZC3H10|84872,ZC3H10_00085,RBP/SF
ZC3H14,ZC3H14|79882,ZC3H14_00086,RBP/SF
ZCRB1,ZCRB1|85437,ZCRB1_00087,RBP/SF
ZNF638,ZNF638|27332,ZNF638_00164,RBP/SF
ZRANB2,ZRANB2|9406,-,RBP/SF
ZRSR1,-,-,RBP/SF
ZRSR2,ZRSR2|8233,-,RBP/SF
AATF,AATF|26574,-,RBP
ABCF1,ABCF1|23,-,RBP
ABT1,ABT1|29777,-,RBP
ACAA2,ACAA2|10449,-,RBP
ACIN1,ACIN1|22985,-,RBP
ACTB,ACTB|60,-,RBP
ACTN1,ACTN1|87,-,RBP
ACTN4,ACTN4|81,-,RBP
ADAR,ADAR|103,-,RBP
ADARB1,ADARB1|104,-,RBP
ADARB2,ADARB2|105,-,RBP
ADD1,ADD1|118,-,RBP
ADK,ADK|132,-,RBP
AEN,AEN|64782,-,RBP
AFF2,AFF2|2334,-,RBP
AHNAK,AHNAK|79026,-,RBP
AKAP1,AKAP1|8165,-,RBP
AKAP8,AKAP8|10270,-,RBP
AKAP8L,AKAP8L|26993,-,RBP
ALDH18A1,ALDH18A1|5832,-,RBP
ALDH6A1,ALDH6A1|4329,-,RBP
ALDOA,ALDOA|226,-,RBP
ALG13,ALG13|79868,-,RBP
ALKBH5,ALKBH5|54890,-,RBP
ANKRD17,ANKRD17|26057,-,RBP
ANP32A,ANP32A|8125,-,RBP
ANP32B,ANP32B|10541,-,RBP
ANXA11,ANXA11|311,-,RBP
ANXA2,ANXA2|302,-,RBP
ANXA7,ANXA7|310,-,RBP
APEH,APEH|327,-,RBP
APEX1,APEX1|328,-,RBP
API5,API5|8539,-,RBP
APOBEC3B,APOBEC3B|9582,-,RBP
APOBEC3C,APOBEC3C|27350,-,RBP
APOBEC3F,APOBEC3F|200316,-,RBP
APOBEC3H,APOBEC3H|164668,-,RBP
AQR,AQR|9716,-,RBP
ARCN1,ARCN1|372,-,RBP
ARF1,ARF1|375,-,RBP
ARHGEF1,ARHGEF1|9138,-,RBP
ARL6IP4,ARL6IP4|51329,-,RBP
ASCC3,ASCC3|10973,-,RBP
ASS1,ASS1|445,-,RBP
ATP5A1,ATP5A1|498,-,RBP
ATP5C1,ATP5C1|509,-,RBP
ATXN2,ATXN2|6311,-,RBP
ATXN2L,ATXN2L|11273,-,RBP
BAG4,BAG4|9530,-,RBP
BAT1,BAT1|7919,-,RBP
BAT2,BAT2|7916,-,RBP
BAT2L1,BAT2L1|84726,-,RBP
BAT2L2,BAT2L2|23215,-,RBP
BCAS2,BCAS2|10286,-,RBP
BCCIP,BCCIP|56647,-,RBP
BCLAF1,BCLAF1|9774,-,RBP
BICC1,BICC1|80114,-,RBP
BMS1,BMS1|9790,-,RBP
BOP1,BOP1|23246,-,RBP
BRDT,BRDT|676,-,RBP
BRIX1,BRIX1|55299,-,RBP
BST2,BST2|684,-,RBP
BTF3,BTF3|689,-,RBP
BUD13,BUD13|84811,-,RBP
BUD31,BUD31|8896,-,RBP
BYSL,BYSL|705,-,RBP
BZW1,BZW1|9689,-,RBP
BZW2,BZW2|28969,-,RBP
C11orf31,C11orf31|280636,-,RBP
C11orf68,C11orf68|83638,-,RBP
C12orf43,C12orf43|64897,-,RBP
C14orf156,C14orf156|81892,-,RBP
C14orf166,C14orf166|51637,-,RBP
C14orf21,C14orf21|161424,-,RBP
C14orf93,C14orf93|60686,-,RBP
C15orf52,C15orf52|388115,-,RBP
C16orf57,C16orf57|79650,-,RBP
C16orf80,C16orf80|29105,-,RBP
C16orf88,C16orf88|400506,-,RBP
C17orf42,C17orf42|79736,-,RBP
C17orf85,C17orf85|55421,-,RBP
C19orf29,C19orf29|58509,-,RBP
C19orf47,C19orf47|126526,-,RBP
C1QBP,C1QBP|708,-,RBP
C1orf107,C1orf107|27042,-,RBP
C1orf131,C1orf131|128061,-,RBP
C1orf204,C1orf204|284677,-,RBP
C1orf25,C1orf25|81627,-,RBP
C1orf31,C1orf31|388753,-,RBP
C1orf35,C1orf35|79169,-,RBP
C1orf52,C1orf52|148423,-,RBP
C1orf57,C1orf57|84284,-,RBP
C1orf69,C1orf69|200205,-,RBP
C1orf77,C1orf77|26097,-,RBP
C21orf70,C21orf70|85395,-,RBP
C22orf28,C22orf28|51493,-,RBP
C2orf15,C2orf15|150590,-,RBP
C3orf26,C3orf26|84319,-,RBP
C3orf63,C3orf63|23272,-,RBP
C4BPA,C4BPA|722,-,RBP
C4orf14,C4orf14|84273,-,RBP
C4orf43,C4orf43|55319,-,RBP
C6orf153,C6orf153|88745,-,RBP
C7orf50,C7orf50|84310,-,RBP
C9orf114,C9orf114|51490,-,RBP
C9orf23,C9orf23|138716,-,RBP
CALR,CALR|811,-,RBP
CANX,CANX|821,-,RBP
CAPRIN1,CAPRIN1|4076,-,RBP
CASC3,CASC3|22794,-,RBP
CAST,CAST|831,-,RBP
CCAR1,CCAR1|55749,-,RBP
CCBL2,CCBL2|56267,-,RBP
CCDC108,CCDC108|255101,-,RBP
CCDC12,CCDC12|151903,-,RBP
CCDC124,CCDC124|115098,-,RBP
CCDC137,CCDC137|339230,-,RBP
CCDC47,CCDC47|57003,-,RBP
CCDC55,CCDC55|84081,-,RBP
CCDC59,CCDC59|29080,-,RBP
CCDC86,CCDC86|79080,-,RBP
CCDC9,CCDC9|26093,-,RBP
CCDC94,CCDC94|55702,-,RBP
CCT3,CCT3|7203,-,RBP
CCT4,CCT4|10575,-,RBP
CCT6A,CCT6A|908,-,RBP
CD2BP2,CD2BP2|10421,-,RBP
CD3EAP,CD3EAP|10849,-,RBP
CDC40,CDC40|51362,-,RBP
CDC42EP4,CDC42EP4|23580,-,RBP
CDC5L,CDC5L|988,-,RBP
CDK11B,CDK11B|984,-,RBP
CDK12,CDK12|51755,-,RBP
CDK13,CDK13|8621,-,RBP
CDKN2A,CDKN2A|1029,-,RBP
CEBPZ,CEBPZ|10153,-,RBP
CGGBP1,CGGBP1|8545,-,RBP
CHCHD1,CHCHD1|118487,-,RBP
CHD2,CHD2|1106,-,RBP
CHD3,CHD3|1107,-,RBP
CHERP,CHERP|10523,-,RBP
CIR1,CIR1|9541,-,RBP
CIRBP,CIRBP|1153,-,RBP
CIRH1A,CIRH1A|84916,-,RBP
CISD2,CISD2|493856,-,RBP
CKAP4,CKAP4|10970,-,RBP
CLK1,CLK1|1195,-,RBP
CLK2,CLK2|1196,-,RBP
CLK3,CLK3|1198,-,RBP
CLK4,CLK4|57396,-,RBP
CLNS1A,CLNS1A|1207,-,RBP
CLP1,CLP1|10978,-,RBP
CLTC,CLTC|1213,-,RBP
CNBP,CNBP|7555,-,RBP
CNN3,CNN3|1266,-,RBP
CNOT1,CNOT1|23019,-,RBP
COL14A1,COL14A1|7373,-,RBP
CORO1A,CORO1A|11151,-,RBP
CPNE3,CPNE3|8895,-,RBP
CPSF1,CPSF1|29894,-,RBP
CPSF2,CPSF2|53981,-,RBP
CPSF3,CPSF3|51692,-,RBP
CPSF4,CPSF4|10898,-,RBP
CPSF6,CPSF6|11052,-,RBP
CPSF7,CPSF7|79869,-,RBP
CRKL,CRKL|1399,-,RBP
CRNKL1,CRNKL1|51340,-,RBP
CS,CS|1431,-,RBP
CSDA,CSDA|8531,-,RBP
CSDE1,CSDE1|7812,-,RBP
CSNK1E,CSNK1E|1454,-,RBP
CSRP1,CSRP1|1465,-,RBP
CSTB,CSTB|1476,-,RBP
CSTF1,CSTF1|1477,-,RBP
CSTF2,CSTF2|1478,-,RBP
CSTF2T,CSTF2T|23283,-,RBP
CSTF3,CSTF3|1479,-,RBP
CTNNA1,CTNNA1|1495,-,RBP
CTNNBL1,CTNNBL1|56259,-,RBP
CWC15,CWC15|51503,-,RBP
CWC22,CWC22|57703,-,RBP
CWC25,CWC25|54883,-,RBP
CWC27,CWC27|10283,-,RBP
CXorf57,CXorf57|55086,-,RBP
DAP3,DAP3|7818,-,RBP
DARS,DARS|1615,-,RBP
DAZ1,DAZ1|1617,-,RBP
DAZ2,DAZ2|57055,-,RBP
DAZ3,DAZ3|57054,-,RBP
DAZ4,DAZ4|57135,-,RBP
DBR1,DBR1|51163,-,RBP
DCAF13,DCAF13|25879,-,RBP
DCD,DCD|117159,-,RBP
DCN,DCN|1634,-,RBP
DDX1,DDX1|1653,-,RBP
DDX10,DDX10|1662,-,RBP
DDX17,DDX17|10521,-,RBP
DDX18,DDX18|8886,-,RBP
DDX20,DDX20|11218,-,RBP
DDX21,DDX21|9188,-,RBP
DDX23,DDX23|9416,-,RBP
DDX24,DDX24|57062,-,RBP
DDX27,DDX27|55661,-,RBP
DDX28,DDX28|55794,-,RBP
DDX31,DDX31|64794,-,RBP
DDX39,DDX39|10212,-,RBP
DDX3X,DDX3X|1654,-,RBP
DDX41,DDX41|51428,-,RBP
DDX42,DDX42|11325,-,RBP
DDX46,DDX46|9879,-,RBP
DDX47,DDX47|51202,-,RBP
DDX49,DDX49|54555,-,RBP
DDX5,DDX5|1655,-,RBP
DDX50,DDX50|79009,-,RBP
DDX51,DDX51|317781,-,RBP
DDX52,DDX52|11056,-,RBP
DDX54,DDX54|79039,-,RBP
DDX55,DDX55|57696,-,RBP
DDX56,DDX56|54606,-,RBP
DDX6,DDX6|1656,-,RBP
DEK,DEK|7913,-,RBP
DGCR14,DGCR14|8220,-,RBP
DHX15,DHX15|1665,-,RBP
DHX16,DHX16|8449,-,RBP
DHX29,DHX29|54505,-,RBP
DHX30,DHX30|22907,-,RBP
DHX32,DHX32|55760,-,RBP
DHX33,DHX33|56919,-,RBP
DHX34,DHX34|9704,-,RBP
DHX35,DHX35|60625,-,RBP
DHX36,DHX36|170506,-,RBP
DHX38,DHX38|9785,-,RBP
DHX57,DHX57|90957,-,RBP
DHX8,DHX8|1659,-,RBP
DHX9,DHX9|1660,-,RBP
DIAPH1,DIAPH1|1729,-,RBP
DIDO1,DIDO1|11083,-,RBP
DIMT1L,DIMT1L|27292,-,RBP
DIS3,DIS3|22894,-,RBP
DKC1,DKC1|1736,-,RBP
DMGDH,DMGDH|29958,-,RBP
DNAJC17,DNAJC17|55192,-,RBP
DNAJC2,DNAJC2|27000,-,RBP
DNAJC21,DNAJC21|134218,-,RBP
DNAJC8,DNAJC8|22826,-,RBP
DNM1,DNM1|1759,-,RBP
DNTTIP2,DNTTIP2|30836,-,RBP
DSP,DSP|1832,-,RBP
DUS3L,DUS3L|56931,-,RBP
DUSP11,DUSP11|8446,-,RBP
DUSP14,DUSP14|11072,-,RBP
DUT,DUT|1854,-,RBP
DYNC1H1,DYNC1H1|1778,-,RBP
DYNC1LI1,DYNC1LI1|51143,-,RBP
DZIP3,DZIP3|9666,-,RBP
EBNA1BP2,EBNA1BP2|10969,-,RBP
ECH1,ECH1|1891,-,RBP
EDF1,EDF1|8721,-,RBP
EED,EED|8726,-,RBP
EEF1A1,EEF1A1|1915,-,RBP
EEF1G,EEF1G|1937,-,RBP
EEF2,EEF2|1938,-,RBP
EFTUD2,EFTUD2|9343,-,RBP
EIF1,EIF1|10209,-,RBP
EIF1AX,EIF1AX|1964,-,RBP
EIF1B,EIF1B|10289,-,RBP
EIF2AK2,EIF2AK2|5610,-,RBP
EIF2C1,EIF2C1|26523,-,RBP
EIF2C2,EIF2C2|27161,-,RBP
EIF2C3,EIF2C3|192669,-,RBP
EIF2S1,EIF2S1|1965,-,RBP
EIF2S2,EIF2S2|8894,-,RBP
EIF3A,EIF3A|8661,-,RBP
EIF3C,EIF3C|8663,-,RBP
EIF3CL,EIF3CL|728689,-,RBP
EIF3D,EIF3D|8664,-,RBP
EIF3E,EIF3E|3646,-,RBP
EIF3G,EIF3G|8666,-,RBP
EIF3H,EIF3H|8667,-,RBP
EIF3L,EIF3L|51386,-,RBP
EIF4A1,EIF4A1|1973,-,RBP
EIF4A2,EIF4A2|1974,-,RBP
EIF4A3,EIF4A3|9775,-,RBP
EIF4B,EIF4B|1975,-,RBP
EIF4E,EIF4E|1977,-,RBP
EIF4E2,EIF4E2|9470,-,RBP
EIF4ENIF1,EIF4ENIF1|56478,-,RBP
EIF4G1,EIF4G1|1981,-,RBP
EIF4G2,EIF4G2|1982,-,RBP
EIF4G3,EIF4G3|8672,-,RBP
EIF4H,EIF4H|7458,-,RBP
EIF5,EIF5|1983,-,RBP
EIF5A,EIF5A|1984,-,RBP
EIF5A2,EIF5A2|56648,-,RBP
EIF5B,EIF5B|9669,-,RBP
ELAC2,ELAC2|60528,-,RBP
EMG1,EMG1|10436,-,RBP
ENO1,ENO1|2023,-,RBP
EPPK1,EPPK1|83481,-,RBP
ERAL1,ERAL1|26284,-,RBP
ERH,ERH|2079,-,RBP
ERI3,ERI3|79033,-,RBP
ESF1,ESF1|51575,-,RBP
ETF1,ETF1|2107,-,RBP
EXOSC1,EXOSC1|51013,-,RBP
EXOSC10,EXOSC10|5394,-,RBP
EXOSC2,EXOSC2|23404,-,RBP
EXOSC4,EXOSC4|54512,-,RBP
EXOSC6,EXOSC6|118460,-,RBP
EXOSC9,EXOSC9|5393,-,RBP
EZR,EZR|7430,-,RBP
FAM103A1,FAM103A1|83640,-,RBP
FAM120A,FAM120A|23196,-,RBP
FAM120C,FAM120C|54954,-,RBP
FAM133B,FAM133B|257415,-,RBP
FAM32A,FAM32A|26017,-,RBP
FAM46A,FAM46A|55603,-,RBP
FAM50A,FAM50A|9130,-,RBP
FAM98A,FAM98A|25940,-,RBP
FAM98B,FAM98B|283742,-,RBP
FARSA,FARSA|2193,-,RBP
FARSB,FARSB|10056,-,RBP
FASN,FASN|2194,-,RBP
FASTK,FASTK|10922,-,RBP
FASTKD1,FASTKD1|79675,-,RBP
FASTKD2,FASTKD2|22868,-,RBP
FASTKD3,FASTKD3|79072,-,RBP
FASTKD5,FASTKD5|60493,-,RBP
FAU,FAU|2197,-,RBP
FBL,FBL|2091,-,RBP
FBLL1,FBLL1|345630,-,RBP
FBRSL1,FBRSL1|57666,-,RBP
FCF1,FCF1|51077,-,RBP
FDPS,FDPS|2224,-,RBP
FIP1L1,FIP1L1|81608,-,RBP
FKBP3,FKBP3|2287,-,RBP
FKBP4,FKBP4|2288,-,RBP
FLNA,FLNA|2316,-,RBP
FLNB,FLNB|2317,-,RBP
FLYWCH2,FLYWCH2|114984,-,RBP
FNDC3A,FNDC3A|22862,-,RBP
FNDC3B,FNDC3B|64778,-,RBP
FRG1,FRG1|2483,-,RBP
FSCN1,FSCN1|6624,-,RBP
FTSJ3,FTSJ3|117246,-,RBP
FUBP1,FUBP1|8880,-,RBP
FUBP3,FUBP3|8939,-,RBP
FYTTD1,FYTTD1|84248,-,RBP
GANAB,GANAB|23193,-,RBP
GAR1,GAR1|54433,-,RBP
GCFC1,GCFC1|94104,-,RBP
GCN1L1,GCN1L1|10985,-,RBP
GDI2,GDI2|2665,-,RBP
GEMIN6,GEMIN6|79833,-,RBP
GEMIN7,GEMIN7|79760,-,RBP
GEMIN8,GEMIN8|54960,-,RBP
GFM1,GFM1|85476,-,RBP
GIGYF2,GIGYF2|26058,-,RBP
GLRX3,GLRX3|10539,-,RBP
GLTSCR2,GLTSCR2|29997,-,RBP
GNB2L1,GNB2L1|10399,-,RBP
GNL2,GNL2|29889,-,RBP
GNL3,GNL3|26354,-,RBP
GNL3L,GNL3L|54552,-,RBP
GOLGB1,GOLGB1|2804,-,RBP
GOT2,GOT2|2806,-,RBP
GPATCH1,GPATCH1|55094,-,RBP
GPATCH4,GPATCH4|54865,-,RBP
GPATCH8,GPATCH8|23131,-,RBP
GPX4,GPX4|2879,-,RBP
GRB2,GRB2|2885,-,RBP
GRN,GRN|2896,-,RBP
GRSF1,GRSF1|2926,-,RBP
GRWD1,GRWD1|83743,-,RBP
GSPT1,GSPT1|2935,-,RBP
GSPT2,GSPT2|23708,-,RBP
GTF2E2,GTF2E2|2961,-,RBP
GTF2F1,GTF2F1|2962,-,RBP
GTF2F2,GTF2F2|2963,-,RBP
GTPBP1,GTPBP1|9567,-,RBP
GTPBP10,GTPBP10|85865,-,RBP
GTPBP4,GTPBP4|23560,-,RBP
H1F0,H1F0|3005,-,RBP
H1FX,H1FX|8971,-,RBP
HADHB,HADHB|3032,-,RBP
HARS2,HARS2|23438,-,RBP
HDAC2,HDAC2|3066,-,RBP
HDGF,HDGF|3068,-,RBP
HDLBP,HDLBP|3069,-,RBP
HEATR1,HEATR1|55127,-,RBP
HEATR6,HEATR6|63897,-,RBP
HELZ,HELZ|9931,-,RBP
HERC5,HERC5|51191,-,RBP
HEXIM1,HEXIM1|10614,-,RBP
HIST1H1B,HIST1H1B|3009,-,RBP
HIST1H1C,HIST1H1C|3006,-,RBP
HIST1H1D,HIST1H1D|3007,-,RBP
HIST1H1E,HIST1H1E|3008,-,RBP
HIST1H4H,HIST1H4H|8365,-,RBP
HK2,HK2|3099,-,RBP
HLA-A,HLA-A|3105,-,RBP
HLTF,HLTF|6596,-,RBP
HMG20B,HMG20B|10362,-,RBP
HMGB1,HMGB1|3146,-,RBP
HMGB2,HMGB2|3148,-,RBP
HMGB3,HMGB3|3149,-,RBP
HMGCS2,HMGCS2|3158,-,RBP
HMGN2,HMGN2|3151,-,RBP
HMGN5,HMGN5|79366,-,RBP
HOXB6,HOXB6|3216,-,RBP
HRSP12,HRSP12|10247,-,RBP
HSD17B10,HSD17B10|3028,-,RBP
HSP90AA1,HSP90AA1|3320,-,RBP
HSP90AB1,HSP90AB1|3326,-,RBP
HSP90B1,HSP90B1|7184,-,RBP
HSPA1A,HSPA1A|3303,-,RBP
HSPA1B,HSPA1B|3304,-,RBP
HSPA1L,HSPA1L|3305,-,RBP
HSPA5,HSPA5|3309,-,RBP
HSPA7,HSPA7|3311,-,RBP
HSPA8,HSPA8|3312,-,RBP
HSPA9,HSPA9|3313,-,RBP
HSPB1,HSPB1|3315,-,RBP
HSPD1,HSPD1|3329,-,RBP
HSPE1,HSPE1|3336,-,RBP
HSPG2,HSPG2|3339,-,RBP
HTATSF1,HTATSF1|27336,-,RBP
HUWE1,HUWE1|10075,-,RBP
IFI16,IFI16|3428,-,RBP
IFIT2,IFIT2|3433,-,RBP
IFIT5,IFIT5|24138,-,RBP
ILF2,ILF2|3608,-,RBP
ILF3,ILF3|3609,-,RBP
IMMT,IMMT|10989,-,RBP
IMP3,IMP3|55272,-,RBP
IMP4,IMP4|92856,-,RBP
INTS6,INTS6|26512,-,RBP
IPO5,IPO5|3843,-,RBP
ISG20L2,ISG20L2|81875,-,RBP
ISY1,ISY1|57461,-,RBP
IVNS1ABP,IVNS1ABP|10625,-,RBP
JMJD6,JMJD6|23210,-,RBP
JUN,JUN|3725,-,RBP
KCTD12,KCTD12|115207,-,RBP
KIAA0020,KIAA0020|9933,-,RBP
KIAA0802,KIAA0802|23255,-,RBP
KIAA1324,KIAA1324|57535,-,RBP
KIAA1429,KIAA1429|25962,-,RBP
KIAA1967,KIAA1967|57805,-,RBP
KIF1C,KIF1C|10749,-,RBP
KPNA2,KPNA2|3838,-,RBP
KPNB1,KPNB1|3837,-,RBP
KRI1,KRI1|65095,-,RBP
KRR1,KRR1|11103,-,RBP
KRT18,KRT18|3875,-,RBP
KTN1,KTN1|3895,-,RBP
L1TD1,L1TD1|54596,-,RBP
LARP1,LARP1|23367,-,RBP
LARP1B,LARP1B|55132,-,RBP
LARP4,LARP4|113251,-,RBP
LARP4B,LARP4B|23185,-,RBP
LARP7,LARP7|51574,-,RBP
LAS1L,LAS1L|81887,-,RBP
LBR,LBR|3930,-,RBP
LGALS1,LGALS1|3956,-,RBP
LGALS3,LGALS3|3958,-,RBP
LGTN,LGTN|1939,-,RBP
LIN28B,LIN28B|389421,-,RBP
LLPH,LLPH|84298,-,RBP
LRP1,LRP1|4035,-,RBP
LRPPRC,LRPPRC|10128,-,RBP
LRRC47,LRRC47|57470,-,RBP
LRRC59,LRRC59|55379,-,RBP
LSG1,LSG1|55341,-,RBP
LSM1,LSM1|27257,-,RBP
LSM10,LSM10|84967,-,RBP
LSM14A,LSM14A|26065,-,RBP
LSM14B,LSM14B|149986,-,RBP
LSM2,LSM2|57819,-,RBP
LSM3,LSM3|27258,-,RBP
LSM4,LSM4|25804,-,RBP
LSM5,LSM5|23658,-,RBP
LSM6,LSM6|11157,-,RBP
LSM7,LSM7|51690,-,RBP
LSMD1,LSMD1|84316,-,RBP
LTA4H,LTA4H|4048,-,RBP
LUC7L,LUC7L|55692,-,RBP
LUC7L2,LUC7L2|51631,-,RBP
LUC7L3,LUC7L3|51747,-,RBP
LYAR,LYAR|55646,-,RBP
MACF1,MACF1|23499,-,RBP
MAGOH,MAGOH|4116,-,RBP
MAGOHB,MAGOHB|55110,-,RBP
MAK16,MAK16|84549,-,RBP
MANF,MANF|7873,-,RBP
MAP4,MAP4|4134,-,RBP
MAPRE1,MAPRE1|22919,-,RBP
MARK2,MARK2|2011,-,RBP
MAZ,MAZ|4150,-,RBP
MCAT,MCAT|27349,-,RBP
MDH2,MDH2|4191,-,RBP
MDN1,MDN1|23195,-,RBP
MECP2,MECP2|4204,-,RBP
MEPCE,MEPCE|56257,-,RBP
METAP2,METAP2|10988,-,RBP
METT10D,METT10D|79066,-,RBP
MEX3A,MEX3A|92312,-,RBP
MEX3B,MEX3B|84206,-,RBP
MEX3C,MEX3C|51320,-,RBP
MEX3D,MEX3D|399664,-,RBP
MFAP1,MFAP1|4236,-,RBP
MKI67,MKI67|4288,-,RBP
MKI67IP,MKI67IP|84365,-,RBP
MKRN1,MKRN1|23608,-,RBP
MKRN2,MKRN2|23609,-,RBP
MLL3,MLL3|58508,-,RBP
MOV10,MOV10|4343,-,RBP
MPHOSPH10,MPHOSPH10|10199,-,RBP
MRM1,MRM1|79922,-,RBP
MRPL1,MRPL1|65008,-,RBP
MRPL10,MRPL10|124995,-,RBP
MRPL11,MRPL11|65003,-,RBP
MRPL13,MRPL13|28998,-,RBP
MRPL14,MRPL14|64928,-,RBP
MRPL15,MRPL15|29088,-,RBP
MRPL19,MRPL19|9801,-,RBP
MRPL2,MRPL2|51069,-,RBP
MRPL20,MRPL20|55052,-,RBP
MRPL21,MRPL21|219927,-,RBP
MRPL22,MRPL22|29093,-,RBP
MRPL27,MRPL27|51264,-,RBP
MRPL28,MRPL28|10573,-,RBP
MRPL3,MRPL3|11222,-,RBP
MRPL32,MRPL32|64983,-,RBP
MRPL37,MRPL37|51253,-,RBP
MRPL39,MRPL39|54148,-,RBP
MRPL4,MRPL4|51073,-,RBP
MRPL40,MRPL40|64976,-,RBP
MRPL41,MRPL41|64975,-,RBP
MRPL42,MRPL42|28977,-,RBP
MRPL43,MRPL43|84545,-,RBP
MRPL44,MRPL44|65080,-,RBP
MRPL45,MRPL45|84311,-,RBP
MRPL54,MRPL54|116541,-,RBP
MRPL9,MRPL9|65005,-,RBP
MRPS11,MRPS11|64963,-,RBP
MRPS12,MRPS12|6183,-,RBP
MRPS14,MRPS14|63931,-,RBP
MRPS15,MRPS15|64960,-,RBP
MRPS18C,MRPS18C|51023,-,RBP
MRPS21,MRPS21|54460,-,RBP
MRPS23,MRPS23|51649,-,RBP
MRPS24,MRPS24|64951,-,RBP
MRPS26,MRPS26|64949,-,RBP
MRPS27,MRPS27|23107,-,RBP
MRPS28,MRPS28|28957,-,RBP
MRPS30,MRPS30|10884,-,RBP
MRPS31,MRPS31|10240,-,RBP
MRPS35,MRPS35|60488,-,RBP
MRPS5,MRPS5|64969,-,RBP
MRPS7,MRPS7|51081,-,RBP
MRPS9,MRPS9|64965,-,RBP
MRTO4,MRTO4|51154,-,RBP
MSI2,MSI2|124540,-,RBP
MTDH,MTDH|92140,-,RBP
MTERF,MTERF|7978,-,RBP
MTHFSD,MTHFSD|64779,-,RBP
MTIF2,MTIF2|4528,-,RBP
MTO1,MTO1|25821,-,RBP
MTPAP,MTPAP|55149,-,RBP
MYBBP1A,MYBBP1A|10514,-,RBP
MYEF2,MYEF2|50804,-,RBP
MYH9,MYH9|4627,-,RBP
MYO18A,MYO18A|399687,-,RBP
MYO5A,MYO5A|4644,-,RBP
MYOD1,MYOD1|4654,-,RBP
NAA15,NAA15|80155,-,RBP
NACA2,NACA2|342538,-,RBP
NAF1,NAF1|92345,-,RBP
NAP1L1,NAP1L1|4673,-,RBP
NAP1L4,NAP1L4|4676,-,RBP
NASP,NASP|4678,-,RBP
NAT10,NAT10|55226,-,RBP
NBPF10,NBPF10|100132406,-,RBP
NCBP1,NCBP1|4686,-,RBP
NCBP2,NCBP2|22916,-,RBP
NCL,NCL|4691,-,RBP
NCOA5,NCOA5|57727,-,RBP
NDUFV3,NDUFV3|4731,-,RBP
NFX1,NFX1|4799,-,RBP
NGDN,NGDN|25983,-,RBP
NGRN,NGRN|51335,-,RBP
NHP2,NHP2|55651,-,RBP
NHP2L1,NHP2L1|4809,-,RBP
NIP7,NIP7|51388,-,RBP
NKAP,NKAP|79576,-,RBP
NKRF,NKRF|55922,-,RBP
NLRP11,NLRP11|204801,-,RBP
NMD3,NMD3|51068,-,RBP
NME1,NME1|4830,-,RBP
NMT1,NMT1|4836,-,RBP
NOC2L,NOC2L|26155,-,RBP
NOC3L,NOC3L|64318,-,RBP
NOC4L,NOC4L|79050,-,RBP
NOL10,NOL10|79954,-,RBP
NOL11,NOL11|25926,-,RBP
NOL12,NOL12|79159,-,RBP
NOL3,NOL3|8996,-,RBP
NOL6,NOL6|65083,-,RBP
NOL7,NOL7|51406,-,RBP
NOL8,NOL8|55035,-,RBP
NOLC1,NOLC1|9221,-,RBP
NOM1,NOM1|64434,-,RBP
NOMO1,NOMO1|23420,-,RBP
NOMO2,NOMO2|283820,-,RBP
NOMO3,NOMO3|408050,-,RBP
NONO,NONO|4841,-,RBP
NOP14,NOP14|8602,-,RBP
NOP16,NOP16|51491,-,RBP
NOP2,NOP2|4839,-,RBP
NOP56,NOP56|10528,-,RBP
NOP58,NOP58|51602,-,RBP
NOSIP,NOSIP|51070,-,RBP
NPM1,NPM1|4869,-,RBP
NPM3,NPM3|10360,-,RBP
NQO1,NQO1|1728,-,RBP
NSA2,NSA2|10412,-,RBP
NSUN2,NSUN2|54888,-,RBP
NSUN5,NSUN5|55695,-,RBP
NUCKS1,NUCKS1|64710,-,RBP
NUDT16L1,NUDT16L1|84309,-,RBP
NUDT21,NUDT21|11051,-,RBP
NUFIP2,NUFIP2|57532,-,RBP
NUMA1,NUMA1|4926,-,RBP
NUPL2,NUPL2|11097,-,RBP
NUSAP1,NUSAP1|51203,-,RBP
NVL,NVL|4931,-,RBP
NXF1,NXF1|10482,-,RBP
OASL,OASL|8638,-,RBP
OLA1,OLA1|29789,-,RBP
OTUD4,OTUD4|54726,-,RBP
P4HB,P4HB|5034,-,RBP
PA2G4,PA2G4|5036,-,RBP
PABPC4L,PABPC4L|132430,-,RBP
PAK1IP1,PAK1IP1|55003,-,RBP
PAPD5,PAPD5|64282,-,RBP
PAPOLA,PAPOLA|10914,-,RBP
PAPOLB,PAPOLB|56903,-,RBP
PARN,PARN|5073,-,RBP
PARP1,PARP1|142,-,RBP
PARP12,PARP12|64761,-,RBP
PATL1,PATL1|219988,-,RBP
PCBP4,PCBP4|57060,-,RBP
PCDH20,PCDH20|64881,-,RBP
PCDHGA9,PCDHGA9|56107,-,RBP
PCF11,PCF11|51585,-,RBP
PCSK9,PCSK9|255738,-,RBP
PDAP1,PDAP1|11333,-,RBP
PDCD11,PDCD11|22984,-,RBP
PDCD7,PDCD7|10081,-,RBP
PDIA3,PDIA3|2923,-,RBP
PDIA4,PDIA4|9601,-,RBP
PDIA6,PDIA6|10130,-,RBP
PEBP1,PEBP1|5037,-,RBP
PEF1,PEF1|553115,-,RBP
PEG10,PEG10|23089,-,RBP
PELP1,PELP1|27043,-,RBP
PES1,PES1|23481,-,RBP
PFN1,PFN1|5216,-,RBP
PHAX,PHAX|51808,-,RBP
PHF5A,PHF5A|84844,-,RBP
PHF6,PHF6|84295,-,RBP
PIN4,PIN4|5303,-,RBP
PKM2,PKM2|5315,-,RBP
PKN2,PKN2|5586,-,RBP
PLEC,PLEC|5339,-,RBP
PLRG1,PLRG1|5356,-,RBP
PNN,PNN|5411,-,RBP
PNO1,PNO1|56902,-,RBP
PNPT1,PNPT1|87178,-,RBP
POLDIP3,POLDIP3|84271,-,RBP
POLR1E,POLR1E|64425,-,RBP
POLR2A,POLR2A|5430,-,RBP
POLR2B,POLR2B|5431,-,RBP
POLR2C,POLR2C|5432,-,RBP
POLR2D,POLR2D|5433,-,RBP
POLR2E,POLR2E|5434,-,RBP
POLR2F,POLR2F|5435,-,RBP
POLR2G,POLR2G|5436,-,RBP
POLR2H,POLR2H|5437,-,RBP
POLR2I,POLR2I|5438,-,RBP
POLR2J,POLR2J|5439,-,RBP
POLR2K,POLR2K|5440,-,RBP
POLR2L,POLR2L|5441,-,RBP
POLRMT,POLRMT|5442,-,RBP
POP1,POP1|10940,-,RBP
POP7,POP7|10248,-,RBP
POU5F1,POU5F1|5460,-,RBP
PPAN,PPAN|56342,-,RBP
PPAN-P2RY11,PPAN-P2RY11|692312,-,RBP
PPARGC1A,PPARGC1A|10891,-,RBP
PPHLN1,PPHLN1|51535,-,RBP
PPIA,PPIA|5478,-,RBP
PPIB,PPIB|5479,-,RBP
PPIE,PPIE|10450,-,RBP
PPIG,PPIG|9360,-,RBP
PPIH,PPIH|10465,-,RBP
PPIL1,PPIL1|51645,-,RBP
PPIL2,PPIL2|23759,-,RBP
PPIL3,PPIL3|53938,-,RBP
PPIL4,PPIL4|85313,-,RBP
PPP1CC,PPP1CC|5501,-,RBP
PPP1R10,PPP1R10|5514,-,RBP
PPP1R8,PPP1R8|5511,-,RBP
PPP1R9B,PPP1R9B|84687,-,RBP
PPP2CA,PPP2CA|5515,-,RBP
PPP2R1A,PPP2R1A|5518,-,RBP
PPP4R2,PPP4R2|151987,-,RBP
PPWD1,PPWD1|23398,-,RBP
PQBP1,PQBP1|10084,-,RBP
PRDX1,PRDX1|5052,-,RBP
PRIC285,PRIC285|85441,-,RBP
PRKDC,PRKDC|5591,-,RBP
PRKRA,PRKRA|8575,-,RBP
PRMT1,PRMT1|3276,-,RBP
PRMT5,PRMT5|10419,-,RBP
PRMT7,PRMT7|54496,-,RBP
PRPF18,PRPF18|8559,-,RBP
PRPF19,PRPF19|27339,-,RBP
PRPF3,PRPF3|9129,-,RBP
PRPF31,PRPF31|26121,-,RBP
PRPF38A,PRPF38A|84950,-,RBP
PRPF38B,PRPF38B|55119,-,RBP
PRPF39,PRPF39|55015,-,RBP
PRPF4,PRPF4|9128,-,RBP
PRPF4B,PRPF4B|8899,-,RBP
PRPF6,PRPF6|24148,-,RBP
PRPF8,PRPF8|10594,-,RBP
PRR3,PRR3|80742,-,RBP
PSIP1,PSIP1|11168,-,RBP
PSMC1,PSMC1|5700,-,RBP
PSMD4,PSMD4|5710,-,RBP
PSPC1,PSPC1|55269,-,RBP
PTCD1,PTCD1|26024,-,RBP
PTCD2,PTCD2|79810,-,RBP
PTCD3,PTCD3|55037,-,RBP
PTPN1,PTPN1|5770,-,RBP
PTRF,PTRF|284119,-,RBP
PTRH1,PTRH1|138428,-,RBP
PUF60,PUF60|22827,-,RBP
PUM1,PUM1|9698,-,RBP
PUM2,PUM2|23369,-,RBP
PURA,PURA|5813,-,RBP
PURB,PURB|5814,-,RBP
PURG,PURG|29942,-,RBP
PUS1,PUS1|80324,-,RBP
PUS7,PUS7|54517,-,RBP
PWP1,PWP1|11137,-,RBP
PWP2,PWP2|5822,-,RBP
R3HDM1,R3HDM1|23518,-,RBP
R3HDM2,R3HDM2|22864,-,RBP
RALYL,RALYL|138046,-,RBP
RAN,RAN|5901,-,RBP
RARS2,RARS2|57038,-,RBP
RAVER1,RAVER1|125950,-,RBP
RAVER2,RAVER2|55225,-,RBP
RBBP6,RBBP6|5930,-,RBP
RBM12,RBM12|10137,-,RBP
RBM12B,RBM12B|389677,-,RBP
RBM14,RBM14|10432,-,RBP
RBM16,RBM16|22828,-,RBP
RBM19,RBM19|9904,-,RBP
RBM26,RBM26|64062,-,RBP
RBM27,RBM27|54439,-,RBP
RBM33,RBM33|155435,-,RBP
RBM34,RBM34|23029,-,RBP
RBMS2,RBMS2|5939,-,RBP
RBMX2,RBMX2|51634,-,RBP
RBPMS,RBPMS|11030,-,RBP
RBPMS2,RBPMS2|348093,-,RBP
RC3H1,RC3H1|149041,-,RBP
RC3H2,RC3H2|54542,-,RBP
RCC2,RCC2|55920,-,RBP
RDBP,RDBP|7936,-,RBP
RDX,RDX|5962,-,RBP
REPIN1,REPIN1|29803,-,RBP
REXO4,REXO4|57109,-,RBP
RG9MTD1,RG9MTD1|54931,-,RBP
RG9MTD2,RG9MTD2|93587,-,RBP
RIMS1,RIMS1|22999,-,RBP
RNASEN,RNASEN|29102,-,RBP
RNMTL1,RNMTL1|55178,-,RBP
RNPC3,RNPC3|55599,-,RBP
RNPS1,RNPS1|10921,-,RBP
RNU4ATAC,RNU4ATAC|100151683,-,RBP
ROCK2,ROCK2|9475,-,RBP
ROD1,ROD1|9991,-,RBP
RP9,RP9|6100,-,RBP
RPF1,RPF1|80135,-,RBP
RPF2,RPF2|84154,-,RBP
RPGR,RPGR|6103,-,RBP
RPL10,RPL10|6134,-,RBP
RPL10A,RPL10A|4736,-,RBP
RPL11,RPL11|6135,-,RBP
RPL12,RPL12|6136,-,RBP
RPL13,RPL13|6137,-,RBP
RPL13A,RPL13A|23521,-,RBP
RPL14,RPL14|9045,-,RBP
RPL15,RPL15|6138,-,RBP
RPL17,RPL17|6139,-,RBP
RPL18A,RPL18A|6142,-,RBP
RPL19,RPL19|6143,-,RBP
RPL21,RPL21|6144,-,RBP
RPL22,RPL22|6146,-,RBP
RPL22L1,RPL22L1|200916,-,RBP
RPL23,RPL23|9349,-,RBP
RPL23A,RPL23A|6147,-,RBP
RPL24,RPL24|6152,-,RBP
RPL26,RPL26|6154,-,RBP
RPL27,RPL27|6155,-,RBP
RPL27A,RPL27A|6157,-,RBP
RPL28,RPL28|6158,-,RBP
RPL29,RPL29|6159,-,RBP
RPL3,RPL3|6122,-,RBP
RPL30,RPL30|6156,-,RBP
RPL31,RPL31|6160,-,RBP
RPL32,RPL32|6161,-,RBP
RPL35,RPL35|11224,-,RBP
RPL35A,RPL35A|6165,-,RBP
RPL36,RPL36|25873,-,RBP
RPL36A,RPL36A|6173,-,RBP
RPL37A,RPL37A|6168,-,RBP
RPL4,RPL4|6124,-,RBP
RPL5,RPL5|6125,-,RBP
RPL6,RPL6|6128,-,RBP
RPL7,RPL7|6129,-,RBP
RPL7A,RPL7A|6130,-,RBP
RPL7L1,RPL7L1|285855,-,RBP
RPL8,RPL8|6132,-,RBP
RPLP0,RPLP0|6175,-,RBP
RPN1,RPN1|6184,-,RBP
RPP25,RPP25|54913,-,RBP
RPP30,RPP30|10556,-,RBP
RPS10,RPS10|6204,-,RBP
RPS11,RPS11|6205,-,RBP
RPS12,RPS12|6206,-,RBP
RPS13,RPS13|6207,-,RBP
RPS14,RPS14|6208,-,RBP
RPS15,RPS15|6209,-,RBP
RPS15A,RPS15A|6210,-,RBP
RPS16,RPS16|6217,-,RBP
RPS17,RPS17|6218,-,RBP
RPS18,RPS18|6222,-,RBP
RPS19,RPS19|6223,-,RBP
RPS19BP1,RPS19BP1|91582,-,RBP
RPS2,RPS2|6187,-,RBP
RPS20,RPS20|6224,-,RBP
RPS21,RPS21|6227,-,RBP
RPS23,RPS23|6228,-,RBP
RPS24,RPS24|6229,-,RBP
RPS25,RPS25|6230,-,RBP
RPS26,RPS26|6231,-,RBP
RPS27,RPS27|6232,-,RBP
RPS27A,RPS27A|6233,-,RBP
RPS27L,RPS27L|51065,-,RBP
RPS28,RPS28|6234,-,RBP
RPS3,RPS3|6188,-,RBP
RPS3A,RPS3A|6189,-,RBP
RPS4X,RPS4X|6191,-,RBP
RPS5,RPS5|6193,-,RBP
RPS6,RPS6|6194,-,RBP
RPS7,RPS7|6201,-,RBP
RPS8,RPS8|6202,-,RBP
RPS9,RPS9|6203,-,RBP
RPSA,RPSA|3921,-,RBP
RPUSD2,RPUSD2|27079,-,RBP
RPUSD3,RPUSD3|285367,-,RBP
RPUSD4,RPUSD4|84881,-,RBP
RRAGC,RRAGC|64121,-,RBP
RRBP1,RRBP1|6238,-,RBP
RRP1,RRP1|8568,-,RBP
RRP12,RRP12|23223,-,RBP
RRP15,RRP15|51018,-,RBP
RRP1B,RRP1B|23076,-,RBP
RRP7A,RRP7A|27341,-,RBP
RRP8,RRP8|23378,-,RBP
RRP9,RRP9|9136,-,RBP
RRS1,RRS1|23212,-,RBP
RSL1D1,RSL1D1|26156,-,RBP
RSRC1,RSRC1|51319,-,RBP
RSRC2,RSRC2|65117,-,RBP
RTCD1,RTCD1|8634,-,RBP
RTF1,RTF1|23168,-,RBP
RTN4,RTN4|57142,-,RBP
S100A16,S100A16|140576,-,RBP
S100A4,S100A4|6275,-,RBP
SAFB,SAFB|6294,-,RBP
SAFB2,SAFB2|9667,-,RBP
SAMD4B,SAMD4B|55095,-,RBP
SAMSN1,SAMSN1|64092,-,RBP
SAP18,SAP18|10284,-,RBP
SARNP,SARNP|84324,-,RBP
SARS2,SARS2|54938,-,RBP
SART1,SART1|9092,-,RBP
SBDS,SBDS|51119,-,RBP
SCAF1,SCAF1|58506,-,RBP
SCG3,SCG3|29106,-,RBP
SCNM1,SCNM1|79005,-,RBP
SDAD1,SDAD1|55153,-,RBP
SEC23IP,SEC23IP|11196,-,RBP
SEC61A1,SEC61A1|29927,-,RBP
SEC61B,SEC61B|10952,-,RBP
SEC63,SEC63|11231,-,RBP
SECISBP2,SECISBP2|79048,-,RBP
SECISBP2L,SECISBP2L|9728,-,RBP
SERBP1,SERBP1|26135,-,RBP
SERPINH1,SERPINH1|871,-,RBP
SF3A2,SF3A2|8175,-,RBP
SF3A3,SF3A3|10946,-,RBP
SF3B14,SF3B14|51639,-,RBP
SF3B2,SF3B2|10992,-,RBP
SF3B3,SF3B3|23450,-,RBP
SF3B4,SF3B4|10262,-,RBP
SF3B5,SF3B5|83443,-,RBP
SF4,SF4|57794,-,RBP
SFRS12,SFRS12|140890,-,RBP
SFRS12IP1,SFRS12IP1|285672,-,RBP
SFRS14,SFRS14|10147,-,RBP
SFRS15,SFRS15|57466,-,RBP
SFRS16,SFRS16|11129,-,RBP
SFRS17A,SFRS17A|8227,-,RBP
SFRS18,SFRS18|25957,-,RBP
SFRS2IP,SFRS2IP|9169,-,RBP
SFRS8,SFRS8|6433,-,RBP
SIP1,SIP1|8487,-,RBP
SKIV2L2,SKIV2L2|23517,-,RBP
SLBP,SLBP|7884,-,RBP
SLC16A3,SLC16A3|9123,-,RBP
SLC25A11,SLC25A11|8402,-,RBP
SLC25A5,SLC25A5|292,-,RBP
SLC3A2,SLC3A2|6520,-,RBP
SLTM,SLTM|79811,-,RBP
SLU7,SLU7|10569,-,RBP
SMC1A,SMC1A|8243,-,RBP
SMG1,SMG1|23049,-,RBP
SMN1,SMN1|6606,-,RBP
SMNDC1,SMNDC1|10285,-,RBP
SMU1,SMU1|55234,-,RBP
SND1,SND1|27044,-,RBP
SNIP1,SNIP1|79753,-,RBP
SNRNP200,SNRNP200|23020,-,RBP
SNRNP25,SNRNP25|79622,-,RBP
SNRNP27,SNRNP27|11017,-,RBP
SNRNP35,SNRNP35|11066,-,RBP
SNRNP40,SNRNP40|9410,-,RBP
SNRNP48,SNRNP48|154007,-,RBP
SNRPA1,SNRPA1|6627,-,RBP
SNRPB,SNRPB|6628,-,RBP
SNRPB2,SNRPB2|6629,-,RBP
SNRPC,SNRPC|6631,-,RBP
SNRPD1,SNRPD1|6632,-,RBP
SNRPD2,SNRPD2|6633,-,RBP
SNRPD3,SNRPD3|6634,-,RBP
SNRPE,SNRPE|6635,-,RBP
SNRPF,SNRPF|6636,-,RBP
SNRPG,SNRPG|6637,-,RBP
SNRPN,SNRPN|6638,-,RBP
SNTB2,SNTB2|6645,-,RBP
SNW1,SNW1|22938,-,RBP
SON,SON|6651,-,RBP
SORBS2,SORBS2|8470,-,RBP
SPATS2,SPATS2|65244,-,RBP
SPATS2L,SPATS2L|26010,-,RBP
SPEN,SPEN|23013,-,RBP
SPTAN1,SPTAN1|6709,-,RBP
SPTBN1,SPTBN1|6711,-,RBP
SR140,SR140|23350,-,RBP
SRFBP1,SRFBP1|153443,-,RBP
SRP14,SRP14|6727,-,RBP
SRP19,SRP19|6728,-,RBP
SRP68,SRP68|6730,-,RBP
SRP72,SRP72|6731,-,RBP
SRPR,SRPR|6734,-,RBP
SRRT,SRRT|51593,-,RBP
SSB,SSB|6741,-,RBP
SSBP1,SSBP1|6742,-,RBP
SSBP3,SSBP3|23648,-,RBP
SSR1,SSR1|6745,-,RBP
SSRP1,SSRP1|6749,-,RBP
STAU1,STAU1|6780,-,RBP
STAU2,STAU2|27067,-,RBP
STIP1,STIP1|10963,-,RBP
STRAP,STRAP|11171,-,RBP
STRBP,STRBP|55342,-,RBP
STXBP1,STXBP1|6812,-,RBP
SUB1,SUB1|10923,-,RBP
SUCLG1,SUCLG1|8802,-,RBP
SUMO1,SUMO1|7341,-,RBP
SUMO2,SUMO2|6613,-,RBP
SUPT16H,SUPT16H|11198,-,RBP
SUPT5H,SUPT5H|6829,-,RBP
SUPT6H,SUPT6H|6830,-,RBP
SUPV3L1,SUPV3L1|6832,-,RBP
SURF2,SURF2|6835,-,RBP
SURF6,SURF6|6838,-,RBP
SYF2,SYF2|25949,-,RBP
SYNE1,SYNE1|23345,-,RBP
TACO1,TACO1|51204,-,RBP
TAF15,TAF15|8148,-,RBP
TAGLN2,TAGLN2|8407,-,RBP
TBCA,TBCA|6902,-,RBP
TBL2,TBL2|26608,-,RBP
TBL3,TBL3|10607,-,RBP
TBRG4,TBRG4|9238,-,RBP
TCEA1,TCEA1|6917,-,RBP
TCERG1,TCERG1|10915,-,RBP
TCF20,TCF20|6942,-,RBP
TCF25,TCF25|22980,-,RBP
TCOF1,TCOF1|6949,-,RBP
TCP1,TCP1|6950,-,RBP
TDRD3,TDRD3|81550,-,RBP
TES,TES|26136,-,RBP
TEX10,TEX10|54881,-,RBP
TFAM,TFAM|7019,-,RBP
TFB1M,TFB1M|51106,-,RBP
TFB2M,TFB2M|64216,-,RBP
TFIP11,TFIP11|24144,-,RBP
TFRC,TFRC|7037,-,RBP
TGS1,TGS1|96764,-,RBP
THOC1,THOC1|9984,-,RBP
THOC2,THOC2|57187,-,RBP
THOC3,THOC3|84321,-,RBP
THOC4,THOC4|10189,-,RBP
THOC5,THOC5|8563,-,RBP
THOC6,THOC6|79228,-,RBP
THOC7,THOC7|80145,-,RBP
THRAP3,THRAP3|9967,-,RBP
THUMPD1,THUMPD1|55623,-,RBP
TNPO1,TNPO1|3842,-,RBP
TNRC6A,TNRC6A|27327,-,RBP
TNRC6B,TNRC6B|23112,-,RBP
TNS1,TNS1|7145,-,RBP
TOP1,TOP1|7150,-,RBP
TOP2A,TOP2A|7153,-,RBP
TOP3B,TOP3B|8940,-,RBP
TPD52L2,TPD52L2|7165,-,RBP
TPI1,TPI1|7167,-,RBP
TPR,TPR|7175,-,RBP
TPT1,TPT1|7178,-,RBP
TRAP1,TRAP1|10131,-,RBP
TRIM25,TRIM25|7706,-,RBP
TRIM28,TRIM28|10155,-,RBP
TRIM56,TRIM56|81844,-,RBP
TRIM71,TRIM71|131405,-,RBP
TRIP6,TRIP6|7205,-,RBP
TRMT1,TRMT1|55621,-,RBP
TRMT2A,TRMT2A|27037,-,RBP
TRMT6,TRMT6|51605,-,RBP
TRNAU1AP,TRNAU1AP|54952,-,RBP
TRPT1,TRPT1|83707,-,RBP
TRUB2,TRUB2|26995,-,RBP
TSEN2,TSEN2|80746,-,RBP
TSEN34,TSEN34|79042,-,RBP
TSEN54,TSEN54|283989,-,RBP
TSFM,TSFM|10102,-,RBP
TSNAX,TSNAX|7257,-,RBP
TSR1,TSR1|55720,-,RBP
TTF2,TTF2|8458,-,RBP
TUBB,TUBB|203068,-,RBP
TUFM,TUFM|7284,-,RBP
TWF2,TWF2|11344,-,RBP
TWISTNB,TWISTNB|221830,-,RBP
TXN,TXN|7295,-,RBP
TXNL4A,TXNL4A|10907,-,RBP
TXNL4B,TXNL4B|54957,-,RBP
UBA1,UBA1|7317,-,RBP
UBAP2,UBAP2|55833,-,RBP
UBAP2L,UBAP2L|9898,-,RBP
UBC,UBC|7316,-,RBP
UBE2D1,UBE2D1|7321,-,RBP
UBE2I,UBE2I|7329,-,RBP
UBE2L3,UBE2L3|7332,-,RBP
UBE2N,UBE2N|7334,-,RBP
UBE2O,UBE2O|63893,-,RBP
UBFD1,UBFD1|56061,-,RBP
UBTF,UBTF|7343,-,RBP
UCHL5,UCHL5|51377,-,RBP
UNK,UNK|85451,-,RBP
UPF1,UPF1|5976,-,RBP
UPF3B,UPF3B|65109,-,RBP
URB1,URB1|9875,-,RBP
URB2,URB2|9816,-,RBP
USO1,USO1|8615,-,RBP
USP10,USP10|9100,-,RBP
USP36,USP36|57602,-,RBP
USP39,USP39|10713,-,RBP
UTP11L,UTP11L|51118,-,RBP
UTP14A,UTP14A|10813,-,RBP
UTP14C,UTP14C|9724,-,RBP
UTP15,UTP15|84135,-,RBP
UTP18,UTP18|51096,-,RBP
UTP20,UTP20|27340,-,RBP
UTP23,UTP23|84294,-,RBP
UTP3,UTP3|57050,-,RBP
UTP6,UTP6|55813,-,RBP
VCP,VCP|7415,-,RBP
WBP11,WBP11|51729,-,RBP
WBP4,WBP4|11193,-,RBP
WBSCR16,WBSCR16|81554,-,RBP
WBSCR22,WBSCR22|114049,-,RBP
WDR25,WDR25|79446,-,RBP
WDR3,WDR3|10885,-,RBP
WDR33,WDR33|55339,-,RBP
WDR36,WDR36|134430,-,RBP
WDR43,WDR43|23160,-,RBP
WDR46,WDR46|9277,-,RBP
WDR6,WDR6|11180,-,RBP
WDR75,WDR75|84128,-,RBP
WDR77,WDR77|79084,-,RBP
WDR83,WDR83|84292,-,RBP
WIBG,WIBG|84305,-,RBP
WTAP,WTAP|9589,-,RBP
XAB2,XAB2|56949,-,RBP
XIRP1,XIRP1|165904,-,RBP
XPO1,XPO1|7514,-,RBP
XPO5,XPO5|57510,-,RBP
XRCC5,XRCC5|7520,-,RBP
XRCC6,XRCC6|2547,-,RBP
XRN1,XRN1|54464,-,RBP
XRN2,XRN2|22803,-,RBP
YARS,YARS|8565,-,RBP
YARS2,YARS2|51067,-,RBP
YLPM1,YLPM1|56252,-,RBP
YTHDC1,YTHDC1|91746,-,RBP
YTHDC2,YTHDC2|64848,-,RBP
YTHDF1,YTHDF1|54915,-,RBP
YTHDF2,YTHDF2|51441,-,RBP
YTHDF3,YTHDF3|253943,-,RBP
YWHAE,YWHAE|7531,-,RBP
YWHAG,YWHAG|7532,-,RBP
YWHAH,YWHAH|7533,-,RBP
YWHAZ,YWHAZ|7534,-,RBP
ZAK,ZAK|51776,-,RBP
ZBTB11,ZBTB11|27107,-,RBP
ZC3H11A,ZC3H11A|9877,-,RBP
ZC3H13,ZC3H13|23091,-,RBP
ZC3H15,ZC3H15|55854,-,RBP
ZC3H18,ZC3H18|124245,-,RBP
ZC3H4,ZC3H4|23211,-,RBP
ZC3H7A,ZC3H7A|29066,-,RBP
ZC3H7B,ZC3H7B|23264,-,RBP
ZC3H8,ZC3H8|84524,-,RBP
ZC3HAV1,ZC3HAV1|56829,-,RBP
ZCCHC11,ZCCHC11|23318,-,RBP
ZCCHC17,ZCCHC17|51538,-,RBP
ZCCHC24,ZCCHC24|219654,-,RBP
ZCCHC3,ZCCHC3|85364,-,RBP
ZCCHC6,ZCCHC6|79670,-,RBP
ZCCHC7,ZCCHC7|84186,-,RBP
ZCCHC8,ZCCHC8|55596,-,RBP
ZCCHC9,ZCCHC9|84240,-,RBP
ZFC3H1,ZFC3H1|196441,-,RBP
ZFP106,ZFP106|64397,-,RBP
ZFP36,ZFP36|7538,-,RBP
ZFP36L1,ZFP36L1|677,-,RBP
ZFP36L2,ZFP36L2|678,-,RBP
ZFR,ZFR|51663,-,RBP
ZMAT2,ZMAT2|153527,-,RBP
ZMAT3,ZMAT3|64393,-,RBP
ZMAT5,ZMAT5|55954,-,RBP
ZNF138,ZNF138|7697,-,RBP
ZNF207,ZNF207|7756,-,RBP
ZNF326,ZNF326|284695,-,RBP
ZNF346,ZNF346|23567,-,RBP
ZNF385A,ZNF385A|25946,-,RBP
ZNF579,ZNF579|163033,-,RBP
ZNF593,ZNF593|51042,-,RBP
ZNF598,ZNF598|90850,-,RBP
ZNF622,ZNF622|90441,-,RBP
ZNF768,ZNF768|79724,-,RBP
ZNFX1,ZNFX1|57169,-,RBP
ZNHIT6,ZNHIT6|54680,-,RBP
ZYX,ZYX|7791,-,RBP
